1;1402;1913-to-1927-Reed-Service-Manual.pdf
1403;2235;1923-to-1937-Standard-Auto-Electricians-Manual.pdf
2236;2693;1925-to-1930-RADCO-Carburetor-and-Motor-Tune-Up-Manual.pdf
2694;4937;1927-to-1941-National-Service-Manual.pdf
4938;5072;1928-to-1935-Motors-Handbook.pdf
5073;6325;1930-to-1939-National-Service-Manual.pdf
6326;6615;1933-United-Motors-Service-Catalog.pdf
6616;8591;1936-to-1951-National-Service-Data.pdf
8592;11690;1946-to-1957-National-Service-Data.pdf
11691;15772;1954-to-1960-National-Service-Data.pdf
15773;17264;1959-Carter-Carbureter-Large-Book.pdf
17265;18084;Motors-Auto-Repair-Manual.pdf
18084;18986;United-Motors-Service.pdf